[
  {
    "ticker": "AAPL",
    "date": "2025-07-17",
    "open": 198.15,
    "close": 202.30,
    "high": 203.00,
    "low": 197.80,
    "volume": 24000000
  },
  {
    "ticker": "MSFT",
    "date": "2025-07-17",
    "open": 345.50,
    "close": 349.70,
    "high": 350.20,
    "low": 344.00,
    "volume": 18000000
  },
  {
    "ticker": "GOOGL",
    "date": "2025-07-17",
    "open": 2780.00,
    "close": 2805.50,
    "high": 2810.00,
    "low": 2770.00,
    "volume": 1200000
  }
]
